[
  {
    "Name": "Default",
    "Interval": 10,
    "TickInterval": 1,
    "TickStart": 5,
    "ColumnCount": 9,
    "RowCount": 9,
    "IncrementalSpawn": 0.05,
    "ObjectTypes": {
      "Players": [
        {
          "TemplateReference": "PlayerTemplate",
          "Materials": [
            "DefaultPlayer"
          ]
        }
      ],
      "Monsters": [
        {
          "Name": "Cow",
          "TemplateReference": "Cow",
          "GameOverText": "You have been eaten by a Cow!",
          "Materials": [
            "Leather"
          ],
          "SoundEffects": [
            "Mooh1",
            "Mooh2",
            "Mooh3",
            "Mooh4",
            "Mooh5"
          ]
        }
      ],
      "Finishes": [
        {
          "TemplateReference": "Tile",
          "Materials": [
            "FinishLine"
          ],
          "Extras": [ "Finish" ]
        }
      ],
      "Tiles": [
        {
          "TemplateReference": "Tile",
          "Materials": [
            "Grass"
          ],
          "Extras": {
            "Stone": 1,
            "Trees": 1,
            "Chest": 1,
            "Trap": 1
          }
        }
      ],
      "Extras": [
        {
          "Name": "Stone",
          "TemplateReference": "Stone",
          "IsDeadly": false,
          "GameOverText": "",
          "SoundEffects": [],
          "Materials": []
        },
        {
          "Name": "Trees",
          "TemplateReference": "Trees",
          "IsDeadly": false,
          "GameOverText": "",
          "SoundEffects": [],
          "Materials": []
        },
        {
          "Name": "Chest",
          "TemplateReference": "Chest",
          "IsDeadly": false,
          "GameOverText": "",
          "SoundEffects": [],
          "Materials": []
        },
        {
          "Name": "Trap",
          "TemplateReference": "Trap",
          "IsDeadly": true,
          "GameOverText": "You walked into a trap!",
          "SoundEffects": [],
          "Materials": []
        }
      ]
    }
  },
  {
    "Name": "Biggus Dickus",
    "Interval": 10,
    "TickInterval": 1,
    "TickStart": 5,
    "ColumnCount": 18,
    "RowCount": 18,
    "ObjectTypes": {
      "Players": [
        {
          "TemplateReference": "PlayerTemplate",
          "Materials": [
            "DefaultPlayer"
          ]
        }
      ],
      "Monsters": [],
      "Finishes": [
        {
          "TemplateReference": "Tile",
          "Materials": [
            "FinishLine"
          ],
          "Extras": [ "Finish" ]
        }
      ],
      "Tiles": [
        {
          "TemplateReference": "Tile",
          "Materials": [
            "Grass"
          ],
          "Extras": {
            "Stone": 1,
            "Trees": 1,
            "Chest": 1,
            "Trap": 1
          }
        }
      ],
      "Extras": [
        {
          "Name": "Stone",
          "TemplateReference": "Stone",
          "IsDeadly": false,
          "GameOverText": "",
          "SoundEffects": [],
          "Materials": []
        },
        {
          "Name": "Trees",
          "TemplateReference": "Trees",
          "IsDeadly": false,
          "GameOverText": "",
          "SoundEffects": [],
          "Materials": []
        },
        {
          "Name": "Chest",
          "TemplateReference": "Chest",
          "IsDeadly": false,
          "GameOverText": "",
          "SoundEffects": [],
          "Materials": []
        },
        {
          "Name": "Trap",
          "TemplateReference": "Trap",
          "IsDeadly": true,
          "GameOverText": "You walked into a trap!",
          "SoundEffects": [],
          "Materials": []
        }
      ]
    }
  },
  {
    "Name": "Hugh Mungus",
    "Interval": 5,
    "TickInterval": 1,
    "TickStart": 5,
    "ColumnCount": 72,
    "RowCount": 72,
    "ObjectTypes": {
      "Players": [
        {
          "TemplateReference": "PlayerTemplate",
          "Materials": [
            "DefaultPlayer"
          ]
        }
      ],
      "Monsters": [],
      "Finishes": [
        {
          "TemplateReference": "Tile",
          "Materials": [
            "FinishLine"
          ],
          "Extras": [ "Finish" ]
        }
      ],
      "Tiles": [
        {
          "TemplateReference": "Tile",
          "Materials": [
            "Grass"
          ],
          "Extras": {
            "Stone": 1,
            "Trees": 1,
            "Chest": 1,
            "Trap": 1
          }
        }
      ],
      "Extras": [
        {
          "Name": "Stone",
          "TemplateReference": "Stone",
          "IsDeadly": false,
          "GameOverText": "",
          "SoundEffects": [],
          "Materials": []
        },
        {
          "Name": "Trees",
          "TemplateReference": "Trees",
          "IsDeadly": false,
          "GameOverText": "",
          "SoundEffects": [],
          "Materials": []
        },
        {
          "Name": "Chest",
          "TemplateReference": "Chest",
          "IsDeadly": false,
          "GameOverText": "",
          "SoundEffects": [],
          "Materials": []
        },
        {
          "Name": "Trap",
          "TemplateReference": "Trap",
          "IsDeadly": true,
          "GameOverText": "You walked into a trap!",
          "SoundEffects": [],
          "Materials": []
        }
      ]
    }
  },
  {
    "Name": "Queen Of Blades",
    "Interval": 5,
    "TickInterval": 1,
    "TickStart": 5,
    "ColumnCount": 9,
    "RowCount": 9,
    "ExtraChance": 0.3,
    "ObjectTypes": {
      "Players": [
        {
          "TemplateReference": "PlayerTemplate",
          "Materials": [
            "DefaultPlayer"
          ]
        }
      ],
      "Monsters": [],
      "Finishes": [
        {
          "TemplateReference": "Tile",
          "Materials": [
            "FinishLine"
          ],
          "Extras": [ "Finish" ]
        }
      ],
      "Tiles": [
        {
          "TemplateReference": "Tile",
          "Materials": [
            "Grass"
          ],
          "Extras": {
            "Trap": 1
          }
        }
      ],
      "Extras": [
        {
          "Name": "Trap",
          "TemplateReference": "Trap",
          "IsDeadly": true,
          "GameOverText": "You walked into a trap!",
          "SoundEffects": [],
          "Materials": []
        }
      ]
    }
  },
  {
    "Name": "Speedy Gonzales",
    "Interval": 1.5,
    "TickInterval": 1,
    "TickStart": 5,
    "ColumnCount": 9,
    "RowCount": 9,
    "IncrementalSpawn": 0.05,
    "ObjectTypes": {
      "Players": [
        {
          "TemplateReference": "PlayerTemplate",
          "Materials": [
            "DefaultPlayer"
          ]
        }
      ],
      "Monsters": [
        {
          "Name": "Cow",
          "TemplateReference": "Cow",
          "GameOverText": "You have been eaten by a Cow!",
          "Materials": [
            "Leather"
          ],
          "SoundEffects": [
            "Mooh1",
            "Mooh2",
            "Mooh3",
            "Mooh4",
            "Mooh5"
          ]
        }
      ],
      "Finishes": [
        {
          "TemplateReference": "Tile",
          "Materials": [
            "FinishLine"
          ],
          "Extras": [ "Finish" ]
        }
      ],
      "Tiles": [
        {
          "TemplateReference": "Tile",
          "Materials": [
            "Grass"
          ],
          "Extras": {
            "Stone": 1,
            "Trees": 1,
            "Chest": 1,
            "Trap": 1
          }
        }
      ],
      "Extras": [
        {
          "Name": "Stone",
          "TemplateReference": "Stone",
          "IsDeadly": false,
          "GameOverText": "",
          "SoundEffects": [],
          "Materials": []
        },
        {
          "Name": "Trees",
          "TemplateReference": "Trees",
          "IsDeadly": false,
          "GameOverText": "",
          "SoundEffects": [],
          "Materials": []
        },
        {
          "Name": "Chest",
          "TemplateReference": "Chest",
          "IsDeadly": false,
          "GameOverText": "",
          "SoundEffects": [],
          "Materials": []
        },
        {
          "Name": "Trap",
          "TemplateReference": "Trap",
          "IsDeadly": true,
          "GameOverText": "You walked into a trap!",
          "SoundEffects": [],
          "Materials": []
        }
      ]
    }
  }
]